-- MySQL dump 10.13  Distrib 8.0.29, for Linux (x86_64)
--
-- Host: localhost    Database: hospital
-- ------------------------------------------------------
-- Server version	8.0.29

/*!40101 SET @OLD_CHARACTER_SET_CLIENT=@@CHARACTER_SET_CLIENT */;
/*!40101 SET @OLD_CHARACTER_SET_RESULTS=@@CHARACTER_SET_RESULTS */;
/*!40101 SET @OLD_COLLATION_CONNECTION=@@COLLATION_CONNECTION */;
/*!50503 SET NAMES utf8mb4 */;
/*!40103 SET @OLD_TIME_ZONE=@@TIME_ZONE */;
/*!40103 SET TIME_ZONE='+00:00' */;
/*!40014 SET @OLD_UNIQUE_CHECKS=@@UNIQUE_CHECKS, UNIQUE_CHECKS=0 */;
/*!40014 SET @OLD_FOREIGN_KEY_CHECKS=@@FOREIGN_KEY_CHECKS, FOREIGN_KEY_CHECKS=0 */;
/*!40101 SET @OLD_SQL_MODE=@@SQL_MODE, SQL_MODE='NO_AUTO_VALUE_ON_ZERO' */;
/*!40111 SET @OLD_SQL_NOTES=@@SQL_NOTES, SQL_NOTES=0 */;

--
-- Table structure for table `Hospital`
--

DROP TABLE IF EXISTS `Hospital`;
/*!40101 SET @saved_cs_client     = @@character_set_client */;
/*!50503 SET character_set_client = utf8mb4 */;
CREATE TABLE `Hospital` (
  `id` bigint NOT NULL AUTO_INCREMENT,
  `name` varchar(255) NOT NULL,
  `created_at` datetime NOT NULL,
  `updated_at` datetime NOT NULL,
  PRIMARY KEY (`id`),
  UNIQUE KEY `name` (`name`)
) ENGINE=InnoDB AUTO_INCREMENT=5 DEFAULT CHARSET=utf8mb4 COLLATE=utf8mb4_0900_ai_ci;
/*!40101 SET character_set_client = @saved_cs_client */;

--
-- Dumping data for table `Hospital`
--

LOCK TABLES `Hospital` WRITE;
/*!40000 ALTER TABLE `Hospital` DISABLE KEYS */;
INSERT INTO `Hospital` VALUES (1,'Apollo Hospitals','2022-06-19 02:52:22','2022-06-19 02:52:22'),(2,'Jawaharlal Nehru Medical College and Hospital','2022-06-19 02:52:22','2022-06-19 02:52:22'),(3,'Indira Gandhi Institute of Medical Sciences (IGIMS)','2022-06-19 02:52:22','2022-06-19 02:52:22'),(4,'AIIMS - All India Institute Of Medical Science','2022-06-19 02:52:22','2022-06-19 02:52:22');
/*!40000 ALTER TABLE `Hospital` ENABLE KEYS */;
UNLOCK TABLES;

--
-- Table structure for table `Patient`
--

DROP TABLE IF EXISTS `Patient`;
/*!40101 SET @saved_cs_client     = @@character_set_client */;
/*!50503 SET character_set_client = utf8mb4 */;
CREATE TABLE `Patient` (
  `id` bigint NOT NULL AUTO_INCREMENT,
  `full_name` varchar(255) NOT NULL,
  `email` varchar(255) NOT NULL,
  `address` varchar(255) NOT NULL,
  `phone` varchar(255) NOT NULL,
  `password` varchar(255) NOT NULL,
  `profile_picture_path` varchar(255) NOT NULL,
  `created_at` datetime NOT NULL,
  `updated_at` datetime NOT NULL,
  `psychiatrist_id` bigint NOT NULL,
  PRIMARY KEY (`id`),
  UNIQUE KEY `email` (`email`),
  KEY `psychiatrist_id` (`psychiatrist_id`),
  CONSTRAINT `Patient_ibfk_1` FOREIGN KEY (`psychiatrist_id`) REFERENCES `Psychiatrist` (`id`) ON DELETE CASCADE ON UPDATE CASCADE
) ENGINE=InnoDB AUTO_INCREMENT=101 DEFAULT CHARSET=utf8mb4 COLLATE=utf8mb4_0900_ai_ci;
/*!40101 SET character_set_client = @saved_cs_client */;

--
-- Dumping data for table `Patient`
--

LOCK TABLES `Patient` WRITE;
/*!40000 ALTER TABLE `Patient` DISABLE KEYS */;
INSERT INTO `Patient` VALUES (1,'Alexandra Jaskolski','Jermey.Howe58@hotmail.com','9166 Clint Ville','+91-1382964307','ygXwrNJUVKZSQQz','path/to/pic','2022-06-19 02:52:23','2022-06-19 02:52:23',31),(2,'Cynthia Mraz IV','Orrin.Torphy45@gmail.com','05612 Jaskolski Streets','+91-0235653968','NZfVET8LvZuV1o6','path/to/pic','2022-06-19 02:52:23','2022-06-19 02:52:23',14),(3,'Rafael Romaguera','Coralie.Gislason4@hotmail.com','8024 Georgianna Glens','+91-3680174474','9YCyo_WeUZIc0Ve','path/to/pic','2022-06-19 02:52:23','2022-06-19 02:52:23',89),(4,'Mr. Kristin Schoen','Breana_Denesik@yahoo.com','574 Lyric Forge','+91-2404718972','30lEtKP1pSgNDsu','path/to/pic','2022-06-19 02:52:23','2022-06-19 02:52:23',33),(5,'Sonia Bashirian','Horacio75@hotmail.com','4010 Beatty Wells','+91-6752113296','4ePVj3ky9R_6Fy8','path/to/pic','2022-06-19 02:52:23','2022-06-19 02:52:23',46),(6,'Caleb Kozey','Dion_Lubowitz83@yahoo.com','136 Rau Ridge','+91-2620187208','IOkz6yOclXFLuyQ','path/to/pic','2022-06-19 02:52:23','2022-06-19 02:52:23',9),(7,'Gilbert Bashirian','Shana_Koss@gmail.com','193 Kemmer Parkways','+91-8593423676','ra1uC5iCHQTH9qn','path/to/pic','2022-06-19 02:52:23','2022-06-19 02:52:23',80),(8,'Simon Bogan','Vita.Sauer78@hotmail.com','779 Tara Walks','+91-8363520533','U8Xq8q2WnsX1lYY','path/to/pic','2022-06-19 02:52:23','2022-06-19 02:52:23',37),(9,'Kristopher O\'Connell','Emmy.Greenholt63@yahoo.com','0542 Gillian Green','+91-5527632443','LO0xZBAQqwxyXUP','path/to/pic','2022-06-19 02:52:23','2022-06-19 02:52:23',92),(10,'Maxine Franey','Leila_Lind@gmail.com','30610 Dickens Union','+91-2893061468','7_v80PMQ7o7wbpD','path/to/pic','2022-06-19 02:52:23','2022-06-19 02:52:23',24),(11,'Damon Kutch','Ima_Vandervort@gmail.com','87271 Stark Vista','+91-3561279527','1ds4yOpa9mwx66J','path/to/pic','2022-06-19 02:52:23','2022-06-19 02:52:23',97),(12,'Emily Cronin','Gabriel_Ryan@yahoo.com','42150 Herminia Place','+91-4749128130','WUArz6kWp4MfQs4','path/to/pic','2022-06-19 02:52:23','2022-06-19 02:52:23',60),(13,'Gladys West','Ethyl.Ritchie@yahoo.com','0736 Sonya Way','+91-7847507014','t7fhZ9kBVV2755m','path/to/pic','2022-06-19 02:52:23','2022-06-19 02:52:23',5),(14,'Adrian Franecki','Julien.Dare@yahoo.com','4040 Bins Cliff','+91-9213791857','_fC3vKIbSkZfPzI','path/to/pic','2022-06-19 02:52:23','2022-06-19 02:52:23',91),(15,'Emanuel Thompson','Joanie_Bergnaum@gmail.com','881 Torp Vista','+91-9707835797','azLiIVztLmWdSJ0','path/to/pic','2022-06-19 02:52:23','2022-06-19 02:52:23',47),(16,'Brad McDermott','Stanley_Swaniawski@yahoo.com','417 Conn Isle','+91-9183042561','K6pnBOtr4NDQzc5','path/to/pic','2022-06-19 02:52:23','2022-06-19 02:52:23',28),(17,'Luther Sipes','Urban52@gmail.com','71900 Trantow Mountains','+91-1161869205','7n_0BMNOUuL8wGx','path/to/pic','2022-06-19 02:52:23','2022-06-19 02:52:23',50),(18,'Brent Deckow','Ezra_McDermott@yahoo.com','22509 Barton Plains','+91-3263458050','7EAQ6f4ER8Q4hHR','path/to/pic','2022-06-19 02:52:23','2022-06-19 02:52:23',98),(19,'Marlon Bashirian','Rafael_Ondricka@gmail.com','50615 Orland Burg','+91-2072833860','UACF2LnlCT9aPHo','path/to/pic','2022-06-19 02:52:23','2022-06-19 02:52:23',98),(20,'Nancy Bailey','Liza58@gmail.com','79206 Erin Crescent','+91-4685897036','zrrlrGrtzLHP8F9','path/to/pic','2022-06-19 02:52:23','2022-06-19 02:52:23',60),(21,'Mr. Whitney Adams','Davonte.Ebert@gmail.com','931 Mariana Creek','+91-4739399157','G_SqWPbgTjZCssb','path/to/pic','2022-06-19 02:52:23','2022-06-19 02:52:23',93),(22,'Sheri Kessler','Zack21@yahoo.com','602 Ressie Mountain','+91-0941609886','rKti2yIUGEbiWbK','path/to/pic','2022-06-19 02:52:23','2022-06-19 02:52:23',19),(23,'Eric Keebler III','Raleigh.Kassulke@hotmail.com','6107 Sally Point','+91-7858101402','O0chDRaWDBQ8P1G','path/to/pic','2022-06-19 02:52:23','2022-06-19 02:52:23',84),(24,'Kay White','Lourdes65@yahoo.com','8673 Skiles Spurs','+91-5034420740','x175c95gotMA0Nm','path/to/pic','2022-06-19 02:52:23','2022-06-19 02:52:23',45),(25,'Dr. Ken Rippin','Alfredo_Durgan55@yahoo.com','7487 Janet Canyon','+91-6973834354','NHhE5cZ9QABCaSS','path/to/pic','2022-06-19 02:52:23','2022-06-19 02:52:23',71),(26,'Nancy Keeling','Myrtle.Lehner0@gmail.com','0948 Schinner Extension','+91-8567406488','KzmYNEBnBfvxyc0','path/to/pic','2022-06-19 02:52:23','2022-06-19 02:52:23',33),(27,'Scott Murazik','Hudson.Kunze@yahoo.com','62962 Hintz Vista','+91-1402502119','u_ymszYVTpaKK9x','path/to/pic','2022-06-19 02:52:23','2022-06-19 02:52:23',10),(28,'Nora Nicolas PhD','Vena35@hotmail.com','634 Farrell Fork','+91-6852766416','xH8eDkGjXCpgFqg','path/to/pic','2022-06-19 02:52:23','2022-06-19 02:52:23',22),(29,'Victor Greenholt','Dustin_Nitzsche@hotmail.com','476 Jennyfer Branch','+91-4099582270','KPjs56lDqgCXu0l','path/to/pic','2022-06-19 02:52:23','2022-06-19 02:52:23',27),(30,'Brooke Gerlach','Monica8@gmail.com','84757 Moen Dam','+91-9530588909','xl_7pHUPuz2Wc8Q','path/to/pic','2022-06-19 02:52:23','2022-06-19 02:52:23',89),(31,'Neal Sanford','Hassie.Jacobson@gmail.com','854 Miller Plain','+91-4561501465','D5bVzNJ5ew_CtdK','path/to/pic','2022-06-19 02:52:23','2022-06-19 02:52:23',80),(32,'Jill Lind','Wava69@gmail.com','221 Schiller Radial','+91-6965612199','nQzEXgA1Yge9pbj','path/to/pic','2022-06-19 02:52:23','2022-06-19 02:52:23',32),(33,'Wallace Gutmann Jr.','Zachery18@hotmail.com','735 Ignatius Center','+91-0963348044','X0bv6B524pdyQXH','path/to/pic','2022-06-19 02:52:23','2022-06-19 02:52:23',99),(34,'Lance Stark','Jarret26@hotmail.com','155 Gulgowski Locks','+91-1259202848','__8cpd8yKO0Cxol','path/to/pic','2022-06-19 02:52:23','2022-06-19 02:52:23',49),(35,'Deborah King','Chadd.Lakin31@gmail.com','23298 Connelly Village','+91-1933037469','DDA3Hx8I8fxaYIG','path/to/pic','2022-06-19 02:52:23','2022-06-19 02:52:23',16),(36,'Deborah Bartoletti','Orrin_Sauer@yahoo.com','371 Mante Courts','+91-2607729105','zRqQxM2gJJwwlzQ','path/to/pic','2022-06-19 02:52:23','2022-06-19 02:52:23',65),(37,'Ignacio Vandervort','Fatima48@gmail.com','77218 Krajcik Prairie','+91-7305999266','IT1Nm4S7XV2ANmr','path/to/pic','2022-06-19 02:52:23','2022-06-19 02:52:23',72),(38,'Fernando Nitzsche','William52@gmail.com','3988 Greenfelder Station','+91-6582154286','_ZBGGOd4jsTpEAe','path/to/pic','2022-06-19 02:52:23','2022-06-19 02:52:23',85),(39,'Paulette Wilderman','Marcelle.Braun53@yahoo.com','298 Rico Island','+91-7722018222','pmkiQJOBV8PJKJV','path/to/pic','2022-06-19 02:52:23','2022-06-19 02:52:23',39),(40,'Mrs. Cody Funk','Nicole_Doyle26@yahoo.com','176 Syble Points','+91-7871484606','R4dSZjsf1ETUxnb','path/to/pic','2022-06-19 02:52:23','2022-06-19 02:52:23',31),(41,'Rachel Nicolas IV','Casimir79@yahoo.com','04703 Emmerich Mountain','+91-8237095667','bmencjZNY4y0a3F','path/to/pic','2022-06-19 02:52:23','2022-06-19 02:52:23',92),(42,'Spencer Hettinger','Jeremie_Nitzsche83@gmail.com','5034 Muller Camp','+91-8796140074','XMjfZ0Biq20mcKW','path/to/pic','2022-06-19 02:52:23','2022-06-19 02:52:23',66),(43,'Tommie Pollich','Judson.Morar22@hotmail.com','3498 Erich Branch','+91-8440163131','F3hh9q0QEgFMzf_','path/to/pic','2022-06-19 02:52:23','2022-06-19 02:52:23',9),(44,'Latoya Rutherford','Arlo23@gmail.com','829 Willms Lodge','+91-5317048135','4DH7h88i5S2rlC4','path/to/pic','2022-06-19 02:52:23','2022-06-19 02:52:23',91),(45,'Jesse Senger','Jennifer.Veum38@hotmail.com','667 Tiffany Court','+91-5365548191','s3IMGmF63e3nnsp','path/to/pic','2022-06-19 02:52:23','2022-06-19 02:52:23',43),(46,'Sheryl Zboncak','Modesto88@hotmail.com','1144 Bella Stream','+91-9485659277','jKO4SpFRLxdHInK','path/to/pic','2022-06-19 02:52:23','2022-06-19 02:52:23',47),(47,'Israel Mante','Ryann_Kuhic5@yahoo.com','7898 Edmund Trail','+91-3286522489','vt5kTSluxes6Xkr','path/to/pic','2022-06-19 02:52:23','2022-06-19 02:52:23',35),(48,'Clint Schiller','Therese32@gmail.com','370 Larkin Pine','+91-2558474287','tqW3cUbXiCvy2Bs','path/to/pic','2022-06-19 02:52:23','2022-06-19 02:52:23',39),(49,'Phillip Bruen','Antonietta58@hotmail.com','8043 Murray Islands','+91-0861634495','6gSLNnt5d9jfJ7B','path/to/pic','2022-06-19 02:52:23','2022-06-19 02:52:23',19),(50,'Tomas Kutch','Raphaelle69@hotmail.com','1177 Marlon Mountains','+91-8209963383','s5d5jhlUyJy2Kia','path/to/pic','2022-06-19 02:52:23','2022-06-19 02:52:23',77),(51,'Guadalupe Pfeffer','Glen2@gmail.com','6465 Garland Islands','+91-7744160770','_UUN7PLwBMjFuV2','path/to/pic','2022-06-19 02:52:23','2022-06-19 02:52:23',78),(52,'Traci Ritchie','Kendrick_Johnson65@gmail.com','017 Bernadette Stream','+91-8721029095','cEwKLISYF16pT_Q','path/to/pic','2022-06-19 02:52:23','2022-06-19 02:52:23',45),(53,'Tara Rath','Barbara.Mueller@yahoo.com','2432 Emma Extension','+91-9323456259','62zHB1lPYDw4OI_','path/to/pic','2022-06-19 02:52:23','2022-06-19 02:52:23',90),(54,'Dr. Carroll Heaney','Eulah.Littel55@hotmail.com','307 Price Camp','+91-9800026509','kkWT_ZlnYUKkbF0','path/to/pic','2022-06-19 02:52:23','2022-06-19 02:52:23',12),(55,'Brad Feil','Jada.Corwin42@gmail.com','23899 Feeney Shores','+91-6598210308','Nw6rWhY6e_9qKDl','path/to/pic','2022-06-19 02:52:23','2022-06-19 02:52:23',100),(56,'Joshua Swift','Sierra0@gmail.com','5887 Mueller Light','+91-3932541408','Xal14CMoix8gCwk','path/to/pic','2022-06-19 02:52:23','2022-06-19 02:52:23',44),(57,'Ramona Keeling','Chaim_Collins73@gmail.com','304 Macie Square','+91-4287370265','A36_Kz6Wk4qVj7M','path/to/pic','2022-06-19 02:52:23','2022-06-19 02:52:23',91),(58,'Betty Treutel MD','Darrion.Bashirian16@yahoo.com','76913 Wanda Meadows','+91-5079724651','AJeMxfvSCq8nA_B','path/to/pic','2022-06-19 02:52:23','2022-06-19 02:52:23',32),(59,'Preston Runolfsson','Lesley42@gmail.com','5445 Lakin Throughway','+91-0385001464','nbqiMzU1mRXd4fa','path/to/pic','2022-06-19 02:52:23','2022-06-19 02:52:23',36),(60,'Jimmie Ziemann','Meredith_Olson@gmail.com','441 Julie Common','+91-7990668594','jMWdgAoQjAL1ybm','path/to/pic','2022-06-19 02:52:23','2022-06-19 02:52:23',87),(61,'Peter Lynch','Hermina_Bogisich53@yahoo.com','2994 Lea Manor','+91-7233542473','B98HUC1AYGkevbu','path/to/pic','2022-06-19 02:52:23','2022-06-19 02:52:23',44),(62,'Hubert Brekke','Jennifer.Wiegand@hotmail.com','38553 Daniel Freeway','+91-9950057704','524OBYpcXefelAl','path/to/pic','2022-06-19 02:52:23','2022-06-19 02:52:23',78),(63,'Mr. Jodi O\'Conner','Lafayette.Howell@yahoo.com','63592 Johnston Expressway','+91-3563037271','vrSgozTa5Hy7fNE','path/to/pic','2022-06-19 02:52:23','2022-06-19 02:52:23',82),(64,'Terry Gutkowski','Ed_Weber@hotmail.com','00469 Ernser Common','+91-4951742932','1PQ3p7I787TagWQ','path/to/pic','2022-06-19 02:52:23','2022-06-19 02:52:23',12),(65,'Jacob Lind III','Shaylee94@hotmail.com','5267 Talia Passage','+91-7248821765','4LSGUHCSzQdLA6T','path/to/pic','2022-06-19 02:52:23','2022-06-19 02:52:23',92),(66,'Courtney Mante','Conner44@gmail.com','3637 Hoeger Street','+91-4034722583','VEKuGWrqcvk_NRJ','path/to/pic','2022-06-19 02:52:23','2022-06-19 02:52:23',19),(67,'Lena Keebler','Brandyn21@gmail.com','8812 Blanda Point','+91-7466845725','7jTDRNKgBd_j2mA','path/to/pic','2022-06-19 02:52:23','2022-06-19 02:52:23',16),(68,'Mark Zemlak','Rae.Welch@gmail.com','386 Dakota Dam','+91-6041765462','MKYPJnk6bTJZsIz','path/to/pic','2022-06-19 02:52:23','2022-06-19 02:52:23',87),(69,'Jermaine Effertz','Elva.Cartwright18@yahoo.com','3643 Selena Parkway','+91-1529990694','kHLKKkzP48aY2LI','path/to/pic','2022-06-19 02:52:23','2022-06-19 02:52:23',71),(70,'Abraham Watsica','Samir_Hickle52@hotmail.com','112 Funk Fork','+91-2919310833','Qua8jFtXNMe0QfK','path/to/pic','2022-06-19 02:52:23','2022-06-19 02:52:23',57),(71,'Mr. Jorge Murray','Sigurd.Adams@hotmail.com','08792 Miles Alley','+91-5853697516','ULfm3HCJCqG4OOp','path/to/pic','2022-06-19 02:52:23','2022-06-19 02:52:23',11),(72,'Mrs. Jo Lesch','Hellen.Windler89@gmail.com','26268 Kuhn Roads','+91-7243997980','F_G4elqwJ0R4aHS','path/to/pic','2022-06-19 02:52:23','2022-06-19 02:52:23',30),(73,'Delia Littel','Aniya_Deckow67@yahoo.com','241 Bergnaum Shoals','+91-3272943826','1j6i05g9yFFORWR','path/to/pic','2022-06-19 02:52:23','2022-06-19 02:52:23',36),(74,'Alma Powlowski','Dillon55@gmail.com','44159 McClure Island','+91-6473976258','gLnXeOoYR6G4Wrl','path/to/pic','2022-06-19 02:52:23','2022-06-19 02:52:23',64),(75,'Kristin Murazik','Wilhelm_McDermott40@yahoo.com','59713 Runte Landing','+91-3620914965','UZMNMf6g6pSWNkI','path/to/pic','2022-06-19 02:52:23','2022-06-19 02:52:23',37),(76,'Rosalie Ullrich','Darrell.Bergstrom65@gmail.com','9007 Hahn Courts','+91-6567893756','WuLD5QfbDNR1g8g','path/to/pic','2022-06-19 02:52:23','2022-06-19 02:52:23',91),(77,'Emily Lesch','Gustave77@yahoo.com','96479 Jaime Stravenue','+91-2439855490','J6OVjd6cvA0SCCf','path/to/pic','2022-06-19 02:52:23','2022-06-19 02:52:23',23),(78,'Jared Flatley','Annetta_Welch@yahoo.com','219 Valentina Brooks','+91-7695087681','vEemCCY4zv0uxT4','path/to/pic','2022-06-19 02:52:23','2022-06-19 02:52:23',85),(79,'Santiago Corkery V','Madaline75@hotmail.com','72825 Swift Drives','+91-7746592595','uUKJsf3d_alT4pj','path/to/pic','2022-06-19 02:52:23','2022-06-19 02:52:23',53),(80,'Monique Sauer','Dimitri19@yahoo.com','563 Antonina Circles','+91-1564268108','zshq1QbjNhX9sRT','path/to/pic','2022-06-19 02:52:23','2022-06-19 02:52:23',5),(81,'Doreen Ledner MD','Chaz58@yahoo.com','334 Rogahn Shoal','+91-6912835800','LM_GyI3FKHGgWdk','path/to/pic','2022-06-19 02:52:23','2022-06-19 02:52:23',46),(82,'Reginald DuBuque','Rowan_Marquardt@yahoo.com','547 Jeanie Station','+91-6056682091','kX7BZQXog8K3_Dq','path/to/pic','2022-06-19 02:52:23','2022-06-19 02:52:23',90),(83,'Lydia Leuschke MD','Erick80@yahoo.com','643 Golden Camp','+91-9045479919','yLGqVZ60u8JFSrQ','path/to/pic','2022-06-19 02:52:23','2022-06-19 02:52:23',83),(84,'Stella Wunsch PhD','Amara72@gmail.com','2964 Schimmel Branch','+91-1801602925','cyOjT_DHETChl1v','path/to/pic','2022-06-19 02:52:23','2022-06-19 02:52:23',36),(85,'Neil Hettinger I','Dawson.Wiza29@gmail.com','148 Gislason Freeway','+91-2731575898','LF7cM5jo501PcOm','path/to/pic','2022-06-19 02:52:23','2022-06-19 02:52:23',76),(86,'Marc Bosco','Marge_Mayer6@gmail.com','51480 Batz Brooks','+91-8477503222','3SdrjyTSIBJ7BKG','path/to/pic','2022-06-19 02:52:23','2022-06-19 02:52:23',71),(87,'Kara Rodriguez','Ryann.Hermann@yahoo.com','182 Samantha Trail','+91-8355574949','9Cut71zcoygxagp','path/to/pic','2022-06-19 02:52:23','2022-06-19 02:52:23',83),(88,'Nicolas Kling','Donnie.Sipes54@gmail.com','26503 Grant Motorway','+91-2455129990','EFy0UM23rZlRWga','path/to/pic','2022-06-19 02:52:23','2022-06-19 02:52:23',69),(89,'Mike Klocko','Levi43@yahoo.com','36856 Moshe Ranch','+91-6886916435','SWvQsGY9QqZcrNS','path/to/pic','2022-06-19 02:52:23','2022-06-19 02:52:23',35),(90,'Ms. Eloise Sauer','Elisha65@yahoo.com','042 Nicolas Prairie','+91-4269524991','SNSRyeDf3kbS2sW','path/to/pic','2022-06-19 02:52:23','2022-06-19 02:52:23',62),(91,'Sadie Waters','Waldo.Abernathy@hotmail.com','3745 Stanton Fall','+91-0158581679','58jBo6lyfSFaR15','path/to/pic','2022-06-19 02:52:23','2022-06-19 02:52:23',19),(92,'Louis Cummerata DVM','Erick.Farrell@yahoo.com','49228 Bonnie Square','+91-2121228162','cmq6ZMnCP1bh0Aw','path/to/pic','2022-06-19 02:52:23','2022-06-19 02:52:23',73),(93,'Glenda Abbott','Angeline76@gmail.com','8115 King Points','+91-0157225013','WfgDeDbbU6IIn0w','path/to/pic','2022-06-19 02:52:23','2022-06-19 02:52:23',59),(94,'Elvira Keebler IV','Rafaela_Oberbrunner59@hotmail.com','27145 Hettinger Cliff','+91-9975963151','lqysm7JtTX_HsHL','path/to/pic','2022-06-19 02:52:23','2022-06-19 02:52:23',54),(95,'Randy Donnelly','Daphney80@yahoo.com','7648 O\'Hara Hills','+91-4664432132','LIpH71cWSLyVg02','path/to/pic','2022-06-19 02:52:23','2022-06-19 02:52:23',36),(96,'Lorena Hilll','Ernestine34@gmail.com','04453 Bridget Views','+91-8827622255','48BmzVWaST9r15b','path/to/pic','2022-06-19 02:52:23','2022-06-19 02:52:23',80),(97,'Lila Goodwin','Leora42@yahoo.com','4767 Friesen Club','+91-0884424963','yt9XEfTIvtTEGid','path/to/pic','2022-06-19 02:52:23','2022-06-19 02:52:23',1),(98,'Mr. Paula Considine','Adalberto19@yahoo.com','932 Jacobs Mountain','+91-0012232860','aI5EkuHE1O5MJ62','path/to/pic','2022-06-19 02:52:23','2022-06-19 02:52:23',33),(99,'Isaac Rippin PhD','Quincy85@yahoo.com','3596 Gislason Ports','+91-7716606889','dvlV04vHjEymCjk','path/to/pic','2022-06-19 02:52:23','2022-06-19 02:52:23',73),(100,'Sara Gaylord','Murphy.Hintz10@yahoo.com','04019 Domenica Extensions','+91-8119207446','kKYmYZwBPISNsHY','path/to/pic','2022-06-19 02:52:23','2022-06-19 02:52:23',14);
/*!40000 ALTER TABLE `Patient` ENABLE KEYS */;
UNLOCK TABLES;

--
-- Table structure for table `Psychiatrist`
--

DROP TABLE IF EXISTS `Psychiatrist`;
/*!40101 SET @saved_cs_client     = @@character_set_client */;
/*!50503 SET character_set_client = utf8mb4 */;
CREATE TABLE `Psychiatrist` (
  `id` bigint NOT NULL AUTO_INCREMENT,
  `first_name` varchar(255) NOT NULL,
  `last_name` varchar(255) NOT NULL,
  `phone` varchar(255) DEFAULT NULL,
  `pincode` varchar(255) DEFAULT NULL,
  `state` varchar(255) DEFAULT NULL,
  `created_at` datetime NOT NULL,
  `updated_at` datetime NOT NULL,
  `hospital_id` bigint DEFAULT NULL,
  PRIMARY KEY (`id`),
  KEY `hospital_id` (`hospital_id`),
  CONSTRAINT `Psychiatrist_ibfk_1` FOREIGN KEY (`hospital_id`) REFERENCES `Hospital` (`id`) ON DELETE SET NULL ON UPDATE CASCADE
) ENGINE=InnoDB AUTO_INCREMENT=101 DEFAULT CHARSET=utf8mb4 COLLATE=utf8mb4_0900_ai_ci;
/*!40101 SET character_set_client = @saved_cs_client */;

--
-- Dumping data for table `Psychiatrist`
--

LOCK TABLES `Psychiatrist` WRITE;
/*!40000 ALTER TABLE `Psychiatrist` DISABLE KEYS */;
INSERT INTO `Psychiatrist` VALUES (1,'Cameron','Windler','+91-9113836436','678873','Alaska','2022-06-19 02:52:22','2022-06-19 02:52:22',1),(2,'Donnie','West','+91-1427200357','827138','Ohio','2022-06-19 02:52:22','2022-06-19 02:52:22',2),(3,'Jean','Upton','+91-9451043545','049503','New Mexico','2022-06-19 02:52:22','2022-06-19 02:52:22',2),(4,'Daryl','Weissnat','+91-6917040427','332730','Iowa','2022-06-19 02:52:22','2022-06-19 02:52:22',1),(5,'Leo','Paucek','+91-3783444747','263559','Washington','2022-06-19 02:52:22','2022-06-19 02:52:22',4),(6,'Johnny','Armstrong','+91-8322187981','426037','Tennessee','2022-06-19 02:52:22','2022-06-19 02:52:22',1),(7,'Terrell','Reichert','+91-1422544306','136773','Texas','2022-06-19 02:52:22','2022-06-19 02:52:22',1),(8,'Percy','Hills','+91-1183566242','807273','Alaska','2022-06-19 02:52:22','2022-06-19 02:52:22',2),(9,'Aaron','Cummerata','+91-6564521231','003103','Idaho','2022-06-19 02:52:22','2022-06-19 02:52:22',3),(10,'Sidney','Luettgen','+91-9698457571','452135','Virginia','2022-06-19 02:52:22','2022-06-19 02:52:22',4),(11,'Rex','Rodriguez','+91-7656411749','343412','Tennessee','2022-06-19 02:52:22','2022-06-19 02:52:22',4),(12,'Angel','Dooley','+91-1200737739','895403','Kansas','2022-06-19 02:52:22','2022-06-19 02:52:22',1),(13,'Preston','Runte','+91-3194101651','846994','Rhode Island','2022-06-19 02:52:22','2022-06-19 02:52:22',1),(14,'Trevor','Streich','+91-4542723950','551675','Idaho','2022-06-19 02:52:22','2022-06-19 02:52:22',1),(15,'Kelly','Dooley','+91-7702130300','005899','Maryland','2022-06-19 02:52:22','2022-06-19 02:52:22',1),(16,'Kevin','Altenwerth','+91-1502920225','504852','Vermont','2022-06-19 02:52:22','2022-06-19 02:52:22',2),(17,'Ellis','Bauch','+91-2914655831','257058','Iowa','2022-06-19 02:52:22','2022-06-19 02:52:22',1),(18,'Alton','Bernhard','+91-8398374152','850149','New Hampshire','2022-06-19 02:52:22','2022-06-19 02:52:22',4),(19,'Christopher','Schuster','+91-6202036343','202273','Nebraska','2022-06-19 02:52:22','2022-06-19 02:52:22',2),(20,'Julio','Gislason','+91-5865156790','506817','Rhode Island','2022-06-19 02:52:22','2022-06-19 02:52:22',4),(21,'Nick','Jenkins','+91-4011605280','475339','Maryland','2022-06-19 02:52:22','2022-06-19 02:52:22',2),(22,'Saul','Dickens','+91-6761927596','945802','New Jersey','2022-06-19 02:52:22','2022-06-19 02:52:22',2),(23,'Garry','Herzog','+91-0853930527','172863','Hawaii','2022-06-19 02:52:22','2022-06-19 02:52:22',2),(24,'Orville','Huels','+91-9423974240','221539','Nebraska','2022-06-19 02:52:22','2022-06-19 02:52:22',1),(25,'Marvin','Bayer','+91-9173184988','892847','Georgia','2022-06-19 02:52:22','2022-06-19 02:52:22',3),(26,'Leland','Stroman','+91-7413080043','617391','Louisiana','2022-06-19 02:52:22','2022-06-19 02:52:22',2),(27,'Terrance','Bauch','+91-4565295148','505709','Louisiana','2022-06-19 02:52:22','2022-06-19 02:52:22',1),(28,'Sammy','Gerhold','+91-0003454349','746698','New Mexico','2022-06-19 02:52:22','2022-06-19 02:52:22',4),(29,'Milton','Quitzon','+91-5707945810','570317','Nevada','2022-06-19 02:52:22','2022-06-19 02:52:22',3),(30,'Ignacio','Mertz','+91-1022269659','746361','Alaska','2022-06-19 02:52:22','2022-06-19 02:52:22',2),(31,'Darren','McKenzie','+91-1443811044','766235','Tennessee','2022-06-19 02:52:22','2022-06-19 02:52:22',3),(32,'Guy','Harvey','+91-6935510771','619510','Indiana','2022-06-19 02:52:22','2022-06-19 02:52:22',2),(33,'Irvin','Schowalter','+91-5214909544','471855','Vermont','2022-06-19 02:52:22','2022-06-19 02:52:22',2),(34,'Abel','Swaniawski','+91-6184878099','205380','Iowa','2022-06-19 02:52:22','2022-06-19 02:52:22',2),(35,'David','Reilly','+91-4995472497','242197','Rhode Island','2022-06-19 02:52:22','2022-06-19 02:52:22',3),(36,'Lloyd','Tremblay','+91-4017736009','993637','Pennsylvania','2022-06-19 02:52:22','2022-06-19 02:52:22',3),(37,'Dustin','Powlowski','+91-5290699755','216308','Florida','2022-06-19 02:52:22','2022-06-19 02:52:22',3),(38,'Donnie','Mitchell','+91-3093691386','320923','Maryland','2022-06-19 02:52:22','2022-06-19 02:52:22',2),(39,'Fredrick','Schinner','+91-2184226370','812779','Connecticut','2022-06-19 02:52:22','2022-06-19 02:52:22',4),(40,'Phil','Smith','+91-8015156071','498687','New York','2022-06-19 02:52:22','2022-06-19 02:52:22',1),(41,'Brandon','Emard','+91-3282109774','062151','Indiana','2022-06-19 02:52:22','2022-06-19 02:52:22',1),(42,'Stephen','Hills','+91-5135400825','261632','Nebraska','2022-06-19 02:52:22','2022-06-19 02:52:22',4),(43,'Kristopher','Mayert','+91-9728919426','356725','Montana','2022-06-19 02:52:22','2022-06-19 02:52:22',2),(44,'Caleb','Bosco','+91-7818442273','319989','Indiana','2022-06-19 02:52:22','2022-06-19 02:52:22',2),(45,'Dominick','Hessel','+91-1046455178','906710','Georgia','2022-06-19 02:52:22','2022-06-19 02:52:22',2),(46,'Hector','Bashirian','+91-9204546318','832677','Wisconsin','2022-06-19 02:52:22','2022-06-19 02:52:22',1),(47,'Tommy','Maggio','+91-3133592545','680994','New Hampshire','2022-06-19 02:52:22','2022-06-19 02:52:22',4),(48,'Darin','Swift','+91-1293823996','573188','South Carolina','2022-06-19 02:52:22','2022-06-19 02:52:22',2),(49,'Harvey','Fritsch','+91-8141618595','601939','Colorado','2022-06-19 02:52:22','2022-06-19 02:52:22',1),(50,'Marvin','Deckow','+91-5845241855','920495','Idaho','2022-06-19 02:52:22','2022-06-19 02:52:22',2),(51,'Daryl','Witting','+91-5810865435','696852','Idaho','2022-06-19 02:52:22','2022-06-19 02:52:22',2),(52,'Alfred','Upton','+91-2178807065','439950','Maryland','2022-06-19 02:52:22','2022-06-19 02:52:22',1),(53,'Jake','Auer','+91-9454875081','877058','Mississippi','2022-06-19 02:52:22','2022-06-19 02:52:22',2),(54,'Roman','Murazik','+91-1364340844','677712','Mississippi','2022-06-19 02:52:22','2022-06-19 02:52:22',2),(55,'Bob','Denesik','+91-2327817869','501614','New York','2022-06-19 02:52:22','2022-06-19 02:52:22',1),(56,'Philip','Zboncak','+91-7903356197','381607','Georgia','2022-06-19 02:52:22','2022-06-19 02:52:22',3),(57,'Kenneth','Effertz','+91-5088854371','421678','Kansas','2022-06-19 02:52:22','2022-06-19 02:52:22',3),(58,'Clifford','Satterfield','+91-7568601946','669990','New Mexico','2022-06-19 02:52:22','2022-06-19 02:52:22',2),(59,'Randolph','Herzog','+91-3561514954','429974','New York','2022-06-19 02:52:22','2022-06-19 02:52:22',1),(60,'Wendell','Bayer','+91-5350897141','530098','Rhode Island','2022-06-19 02:52:22','2022-06-19 02:52:22',2),(61,'Ernesto','Conn','+91-9976980302','127217','Vermont','2022-06-19 02:52:22','2022-06-19 02:52:22',4),(62,'Todd','Bartell','+91-9139608993','494268','Georgia','2022-06-19 02:52:22','2022-06-19 02:52:22',2),(63,'Andy','O\'Connell','+91-9496781528','393510','Louisiana','2022-06-19 02:52:22','2022-06-19 02:52:22',3),(64,'Neil','Thompson','+91-8338656371','948599','Iowa','2022-06-19 02:52:22','2022-06-19 02:52:22',4),(65,'Eric','McGlynn','+91-4914294812','694929','North Carolina','2022-06-19 02:52:22','2022-06-19 02:52:22',3),(66,'Ruben','O\'Kon','+91-6278624324','281669','Vermont','2022-06-19 02:52:22','2022-06-19 02:52:22',1),(67,'Jaime','Morissette','+91-7216660758','139700','New Hampshire','2022-06-19 02:52:22','2022-06-19 02:52:22',2),(68,'Dexter','Haag','+91-1600372612','003820','Oklahoma','2022-06-19 02:52:22','2022-06-19 02:52:22',4),(69,'Jerry','Schaefer','+91-5128212523','233998','Maine','2022-06-19 02:52:22','2022-06-19 02:52:22',1),(70,'Jonathan','Oberbrunner','+91-7265212241','878129','Delaware','2022-06-19 02:52:22','2022-06-19 02:52:22',2),(71,'Israel','Kuvalis','+91-5746731813','427211','Kentucky','2022-06-19 02:52:22','2022-06-19 02:52:22',4),(72,'Oscar','Botsford','+91-9768359363','326594','Montana','2022-06-19 02:52:22','2022-06-19 02:52:22',4),(73,'Taylor','Stracke','+91-0755750083','171511','New York','2022-06-19 02:52:22','2022-06-19 02:52:22',3),(74,'Myron','Cronin','+91-9414085775','004830','Illinois','2022-06-19 02:52:22','2022-06-19 02:52:22',2),(75,'Levi','Bosco','+91-1987040302','347190','Minnesota','2022-06-19 02:52:22','2022-06-19 02:52:22',1),(76,'Russell','Rodriguez','+91-7749379371','937892','Texas','2022-06-19 02:52:22','2022-06-19 02:52:22',2),(77,'Vernon','Hermiston','+91-8020487199','647981','Tennessee','2022-06-19 02:52:22','2022-06-19 02:52:22',1),(78,'Jerome','Turcotte','+91-2179415147','017641','Illinois','2022-06-19 02:52:22','2022-06-19 02:52:22',3),(79,'Lee','Lebsack','+91-3260339404','896841','Alaska','2022-06-19 02:52:23','2022-06-19 02:52:23',4),(80,'Gregg','Rath','+91-3921370082','296453','Alaska','2022-06-19 02:52:23','2022-06-19 02:52:23',4),(81,'Peter','Medhurst','+91-9001833565','057382','Kentucky','2022-06-19 02:52:23','2022-06-19 02:52:23',4),(82,'Kyle','Flatley','+91-6677104113','475227','Ohio','2022-06-19 02:52:23','2022-06-19 02:52:23',1),(83,'Randal','Rath','+91-1726234919','054011','Idaho','2022-06-19 02:52:23','2022-06-19 02:52:23',2),(84,'Billy','Macejkovic','+91-9256637515','715328','Ohio','2022-06-19 02:52:23','2022-06-19 02:52:23',3),(85,'Joel','Schamberger','+91-5461192238','369031','Alabama','2022-06-19 02:52:23','2022-06-19 02:52:23',4),(86,'Ramon','Feil','+91-2438654052','991306','Hawaii','2022-06-19 02:52:23','2022-06-19 02:52:23',4),(87,'Andres','O\'Connell','+91-4709337450','810681','Kentucky','2022-06-19 02:52:23','2022-06-19 02:52:23',4),(88,'Darrel','Ferry','+91-7878200476','482475','California','2022-06-19 02:52:23','2022-06-19 02:52:23',4),(89,'Alton','Blanda','+91-7605342230','738403','Connecticut','2022-06-19 02:52:23','2022-06-19 02:52:23',1),(90,'Raul','Willms','+91-0178389665','797108','Arizona','2022-06-19 02:52:23','2022-06-19 02:52:23',4),(91,'Dwayne','Franecki','+91-7428480871','964808','New York','2022-06-19 02:52:23','2022-06-19 02:52:23',2),(92,'Edmond','Gulgowski','+91-2502293824','815909','Colorado','2022-06-19 02:52:23','2022-06-19 02:52:23',1),(93,'Ismael','Kerluke','+91-9075720018','325056','Minnesota','2022-06-19 02:52:23','2022-06-19 02:52:23',3),(94,'Paul','Stiedemann','+91-7344521766','008596','Michigan','2022-06-19 02:52:23','2022-06-19 02:52:23',1),(95,'Dwight','Mueller','+91-5212799445','114913','Ohio','2022-06-19 02:52:23','2022-06-19 02:52:23',4),(96,'Fredrick','Parisian','+91-0454939765','448572','Wyoming','2022-06-19 02:52:23','2022-06-19 02:52:23',1),(97,'Angel','Will','+91-7639627411','183152','Maryland','2022-06-19 02:52:23','2022-06-19 02:52:23',3),(98,'Timmy','Hammes','+91-3488955029','658315','Ohio','2022-06-19 02:52:23','2022-06-19 02:52:23',4),(99,'Felix','Skiles','+91-7321405868','696032','Kansas','2022-06-19 02:52:23','2022-06-19 02:52:23',4),(100,'Derrick','O\'Reilly','+91-7246545562','613706','Pennsylvania','2022-06-19 02:52:23','2022-06-19 02:52:23',3);
/*!40000 ALTER TABLE `Psychiatrist` ENABLE KEYS */;
UNLOCK TABLES;
/*!40103 SET TIME_ZONE=@OLD_TIME_ZONE */;

/*!40101 SET SQL_MODE=@OLD_SQL_MODE */;
/*!40014 SET FOREIGN_KEY_CHECKS=@OLD_FOREIGN_KEY_CHECKS */;
/*!40014 SET UNIQUE_CHECKS=@OLD_UNIQUE_CHECKS */;
/*!40101 SET CHARACTER_SET_CLIENT=@OLD_CHARACTER_SET_CLIENT */;
/*!40101 SET CHARACTER_SET_RESULTS=@OLD_CHARACTER_SET_RESULTS */;
/*!40101 SET COLLATION_CONNECTION=@OLD_COLLATION_CONNECTION */;
/*!40111 SET SQL_NOTES=@OLD_SQL_NOTES */;

-- Dump completed on 2022-06-19  2:52:51
